All vacancies1 ,Mining & quarrying,Manu-    facturing,"Electricity, gas, steam & air conditioning supply2","Water supply, sewerage, waste & remediation activities",Construc-tion,Wholesale & retail trade; repair of motor vehicles and motor cycles,Transport & storage,Accommodation & food service activities,Information & communication,Financial & insurance activities,Real estate activities2,Professional scientific & technical activities,Administra-tive & support service activities,Public admin & defence; compulsory social security,Education,Human health & social work activities,"Arts, entertainment & recreation",Other service activities,Total services ,Motor Trades,Wholesale,Retail,year,start_mon_char,end_mon_char,start_mon,end_mon
639,1,68,3,2,29,120,29,59,44,29,6,52,38,15,32,83,15,16,536,10.0,25.0,85.0,2001,Aug,Oct,2001-08-01,2001-10-31
626,1,66,2,2,28,121,27,59,43,30,6,49,36,16,32,79,14,15,526,11.0,24.0,86.0,2001,Sep,Nov,2001-09-01,2001-11-30
601,1,61,2,2,25,121,25,53,40,29,5,46,34,16,33,81,13,15,511,10.0,22.0,88.0,2001,Oct,Dec,2001-10-01,2001-12-31
606,1,66,2,2,22,126,26,54,41,28,5,44,32,17,33,80,13,15,513,10.0,26.0,91.0,2002,Nov,,2002-11-01,
616,1,66,2,2,25,125,27,56,42,26,5,43,32,16,33,86,15,16,521,10.0,25.0,91.0,2002,Dec,Feb,2002-12-01,2002-02-28
619,1,65,2,2,26,127,26,56,43,26,6,43,32,16,35,84,14,16,523,9.0,24.0,93.0,2002,Jan,Mar,2002-01-01,2002-03-31
619,1,65,2,2,26,125,29,56,44,25,6,44,32,15,33,82,16,17,524,9.0,22.0,94.0,2002,Feb,Apr,2002-02-01,2002-04-30
613,1,64,2,2,25,120,31,55,44,25,6,44,33,15,33,83,14,15,519,9.0,22.0,88.0,2002,Mar,May,2002-03-01,2002-05-31
616,1,65,2,2,28,121,33,55,44,24,7,44,33,15,31,82,14,15,518,8.0,22.0,91.0,2002,Apr,Jun,2002-04-01,2002-06-30
611,1,66,2,2,27,119,32,53,45,24,7,43,32,15,33,82,14,15,514,8.0,21.0,89.0,2002,May,Jul,2002-05-01,2002-07-31
613,1,63,2,2,29,118,32,55,45,25,7,42,32,16,33,81,15,17,517,9.0,20.0,90.0,2002,Jun,Aug,2002-06-01,2002-08-31
609,1,63,2,2,24,126,32,53,43,25,7,40,30,18,35,80,14,16,517,11.0,23.0,93.0,2002,Jul,Sep,2002-07-01,2002-09-30
609,1,63,1,2,23,129,33,55,40,24,7,41,31,17,35,80,13,15,518,10.0,23.0,97.0,2002,Aug,Oct,2002-08-01,2002-10-31
608,1,63,1,2,25,128,34,53,40,23,6,40,30,17,36,82,12,13,516,10.0,24.0,94.0,2002,Sep,Nov,2002-09-01,2002-11-30
603,1,61,1,2,26,120,34,54,40,23,5,41,31,17,37,83,13,14,512,9.0,23.0,88.0,2002,Oct,Dec,2002-10-01,2002-12-31
602,1,59,1,2,28,115,33,53,42,25,5,41,31,17,38,82,14,15,511,10.0,23.0,82.0,2003,Nov,Jan,2003-11-01,2003-01-31
596,1,59,1,2,28,112,32,52,42,23,7,40,30,18,38,80,14,15,504,10.0,23.0,80.0,2003,Dec,Feb,2003-12-01,2003-02-28
593,1,59,2,2,26,112,32,50,42,24,7,40,30,18,38,78,14,16,503,10.0,23.0,80.0,2003,Jan,Mar,2003-01-01,2003-03-31
585,1,56,2,2,26,112,32,53,40,24,7,39,29,18,39,77,13,15,499,9.0,23.0,80.0,2003,Feb,Apr,2003-02-01,2003-04-30
589,1,56,2,2,28,111,30,57,40,25,6,39,30,18,39,77,13,15,500,9.0,22.0,80.0,2003,Mar,May,2003-03-01,2003-05-31
579,1,54,2,2,28,111,29,58,39,24,6,37,28,18,40,77,12,14,493,9.0,22.0,80.0,2003,Apr,Jun,2003-04-01,2003-06-30
574,1,53,2,2,29,109,28,62,37,25,7,36,27,19,39,75,12,13,487,9.0,22.0,78.0,2003,May,Jul,2003-05-01,2003-07-31
576,1,54,2,2,29,113,30,56,37,26,7,36,28,18,39,74,12,14,489,10.0,24.0,79.0,2003,Jun,Aug,2003-06-01,2003-08-31
592,1,57,2,2,29,117,30,55,39,26,7,38,29,19,40,76,12,14,502,9.0,25.0,82.0,2003,Jul,Sep,2003-07-01,2003-09-30
604,1,59,2,2,28,119,31,54,40,27,7,40,30,19,40,77,14,15,513,9.0,26.0,84.0,2003,Aug,Oct,2003-08-01,2003-10-31
610,1,59,2,2,29,120,30,55,40,29,7,39,29,20,40,78,15,16,517,9.0,24.0,86.0,2003,Sep,Nov,2003-09-01,2003-11-30
614,1,59,2,2,29,122,31,54,41,29,7,41,31,18,39,77,15,17,521,9.0,25.0,88.0,2003,Oct,Dec,2003-10-01,2003-12-31
613,1,58,2,2,28,127,32,55,41,30,6,42,31,18,39,74,14,15,523,9.0,25.0,94.0,2004,Nov,Jan,2004-11-01,2004-01-31
617,1,59,1,2,26,127,32,57,42,32,7,43,32,17,38,76,13,14,528,9.0,27.0,92.0,2004,Dec,Feb,2004-12-01,2004-02-29
624,1,58,1,2,27,128,32,58,42,32,6,44,33,17,38,77,13,14,535,9.0,26.0,93.0,2004,Jan,Mar,2004-01-01,2004-03-31
630,1,61,1,2,26,127,31,58,43,34,7,45,34,17,38,78,14,16,539,9.0,26.0,92.0,2004,Feb,Apr,2004-02-01,2004-04-30
637,1,62,1,2,26,132,32,57,43,33,7,44,33,18,38,77,15,17,544,9.0,26.0,96.0,2004,Mar,May,2004-03-01,2004-05-31
641,1,65,2,2,24,133,31,53,44,33,9,45,34,18,38,78,15,16,547,10.0,27.0,97.0,2004,Apr,Jun,2004-04-01,2004-06-30
652,1,66,2,2,26,134,30,57,45,33,8,47,36,18,39,78,14,16,556,10.0,27.0,97.0,2004,May,Jul,2004-05-01,2004-07-31
654,1,67,2,2,26,133,29,56,46,32,8,49,37,18,40,79,14,16,556,10.0,27.0,96.0,2004,Jun,Aug,2004-06-01,2004-08-31
654,1,65,2,2,27,133,28,58,46,33,7,50,37,17,40,79,14,16,557,9.0,27.0,97.0,2004,Jul,Sep,2004-07-01,2004-09-30
655,1,64,2,2,26,134,28,56,47,34,7,52,38,17,40,78,14,16,559,9.0,28.0,97.0,2004,Aug,Oct,2004-08-01,2004-10-31
658,1,63,2,2,26,136,28,57,47,33,7,54,39,18,40,75,14,15,564,9.0,29.0,99.0,2004,Sep,Nov,2004-09-01,2004-11-30
662,1,64,2,2,25,139,30,57,47,33,6,53,39,18,41,74,14,16,568,9.0,29.0,101.0,2004,Oct,Dec,2004-10-01,2004-12-31
661,1,63,2,2,23,140,31,57,46,33,6,53,39,19,42,75,14,15,570,9.0,28.0,103.0,2005,Nov,Jan,2005-11-01,2005-01-31
655,1,60,2,2,24,140,32,56,44,34,6,52,38,18,43,77,13,15,567,9.0,26.0,105.0,2005,Dec,Feb,2005-12-01,2005-02-28
644,1,60,2,2,26,139,30,52,42,34,6,50,37,18,43,78,12,14,553,9.0,26.0,104.0,2005,Jan,Mar,2005-01-01,2005-03-31
636,1,58,2,2,26,135,29,53,42,34,6,50,37,19,42,77,11,13,548,9.0,27.0,99.0,2005,Feb,Apr,2005-02-01,2005-04-30
642,1,56,2,2,27,132,30,54,42,34,6,51,38,19,43,81,11,13,554,8.0,27.0,98.0,2005,Mar,May,2005-03-01,2005-05-31
642,1,54,2,2,26,131,31,54,42,35,6,51,38,19,43,81,12,14,558,8.0,27.0,96.0,2005,Apr,Jun,2005-04-01,2005-06-30
633,1,53,2,2,23,132,29,54,40,37,7,50,38,18,42,81,13,14,553,8.0,26.0,99.0,2005,May,Jul,2005-05-01,2005-07-31
624,1,52,2,2,22,131,28,54,39,36,6,49,36,18,42,79,14,15,546,7.0,25.0,99.0,2005,Jun,Aug,2005-06-01,2005-08-31
622,1,51,2,2,22,132,28,55,39,35,7,49,37,18,41,78,12,14,544,7.0,23.0,101.0,2005,Jul,Sep,2005-07-01,2005-09-30
608,1,50,2,2,23,123,26,56,39,35,7,49,36,19,42,73,12,13,530,7.0,22.0,94.0,2005,Aug,Oct,2005-08-01,2005-10-31
606,2,51,2,2,25,121,26,56,39,35,7,51,37,20,41,69,11,12,524,8.0,22.0,91.0,2005,Sep,Nov,2005-09-01,2005-11-30
609,2,51,2,2,25,120,25,56,39,35,7,51,37,20,43,68,13,14,527,8.0,22.0,90.0,2005,Oct,Dec,2005-10-01,2005-12-31
615,2,51,2,2,27,121,26,53,39,36,8,51,37,20,43,68,14,15,530,8.0,23.0,90.0,2006,Nov,Jan,2006-11-01,2006-01-31
612,2,52,2,2,26,118,27,52,40,36,8,52,38,20,44,65,13,15,529,8.0,21.0,88.0,2006,Dec,Feb,2006-12-01,2006-02-28
600,2,50,2,2,23,111,28,49,40,38,10,51,39,21,43,63,13,15,520,8.0,19.0,84.0,2006,Jan,Mar,2006-01-01,2006-03-31
597,2,51,2,2,22,114,27,49,40,38,10,50,38,21,42,62,13,15,518,9.0,22.0,83.0,2006,Feb,Apr,2006-02-01,2006-04-30
597,2,51,2,2,22,117,27,47,40,39,10,51,39,21,41,61,12,14,517,8.0,24.0,85.0,2006,Mar,May,2006-03-01,2006-05-31
604,2,51,2,2,22,121,28,46,40,39,9,52,40,21,43,60,12,13,525,7.0,26.0,88.0,2006,Apr,Jun,2006-04-01,2006-06-30
607,2,50,2,2,22,120,28,46,41,38,9,55,42,21,44,61,13,14,529,7.0,25.0,87.0,2006,May,Jul,2006-05-01,2006-07-31
610,2,50,2,2,24,119,23,49,42,38,8,56,42,22,45,62,13,14,531,9.0,25.0,86.0,2006,Jun,Aug,2006-06-01,2006-08-31
611,2,50,2,2,24,120,24,51,40,37,7,58,43,22,45,61,12,14,532,9.0,24.0,86.0,2006,Jul,Sep,2006-07-01,2006-09-30
618,2,50,2,2,25,119,27,53,40,41,8,58,42,21,45,58,12,13,537,9.0,24.0,86.0,2006,Aug,Oct,2006-08-01,2006-10-31
620,2,50,2,2,24,118,33,53,40,40,8,58,42,21,44,59,12,12,539,8.0,25.0,86.0,2006,Sep,Nov,2006-09-01,2006-11-30
620,2,51,2,2,24,118,33,52,40,41,8,58,42,22,43,61,11,12,539,8.0,25.0,84.0,2006,Oct,Dec,2006-10-01,2006-12-31
619,2,53,2,2,23,116,29,55,40,41,7,59,43,22,44,62,10,11,537,8.0,25.0,83.0,2007,Nov,Jan,2007-11-01,2007-01-31
629,2,55,2,2,24,121,30,54,39,41,8,57,42,22,44,64,10,12,544,8.0,26.0,86.0,2007,Dec,Feb,2007-12-01,2007-02-28
642,2,57,2,2,25,123,29,56,41,41,8,57,42,22,47,64,11,13,554,8.0,27.0,89.0,2007,Jan,Mar,2007-01-01,2007-03-31
647,2,56,2,2,24,128,28,54,43,41,9,57,43,21,48,63,12,14,560,8.0,28.0,91.0,2007,Feb,Apr,2007-02-01,2007-04-30
651,2,56,2,2,23,127,29,56,44,42,9,57,43,21,49,63,13,15,567,8.0,26.0,92.0,2007,Mar,May,2007-03-01,2007-05-31
659,2,54,3,2,23,128,29,55,43,43,11,58,45,21,50,65,14,15,576,8.0,27.0,93.0,2007,Apr,Jun,2007-04-01,2007-06-30
670,2,57,3,2,28,126,31,54,43,44,11,59,46,23,49,66,13,14,579,8.0,25.0,93.0,2007,May,Jul,2007-05-01,2007-07-31
681,2,57,2,2,28,131,31,55,43,46,10,62,46,23,50,67,12,14,589,8.0,27.0,96.0,2007,Jun,Aug,2007-06-01,2007-08-31
684,2,59,2,2,30,130,31,55,44,46,9,60,45,24,50,68,13,14,588,8.0,28.0,94.0,2007,Jul,Sep,2007-07-01,2007-09-30
686,2,60,2,2,30,130,30,56,43,45,9,60,44,23,51,71,13,15,589,8.0,28.0,94.0,2007,Aug,Oct,2007-08-01,2007-10-31
691,2,60,2,2,30,128,31,58,44,43,10,60,43,23,51,74,14,15,594,9.0,27.0,93.0,2007,Sep,Nov,2007-09-01,2007-11-30
687,2,60,3,2,29,129,32,60,43,42,9,61,44,22,51,74,12,14,592,9.0,27.0,93.0,2007,Oct,Dec,2007-10-01,2007-12-31
679,2,61,3,2,27,130,32,62,42,40,8,59,43,22,50,72,12,13,585,9.0,28.0,93.0,2008,Nov,Jan,2008-11-01,2008-01-31
687,2,59,3,2,28,130,32,65,40,39,8,63,43,23,50,72,13,15,594,9.0,28.0,93.0,2008,Dec,Feb,2008-12-01,2008-02-29
698,2,58,3,2,28,134,34,69,39,37,10,64,45,23,48,72,15,16,606,9.0,28.0,98.0,2008,Jan,Mar,2008-01-01,2008-03-31
694,2,56,3,2,29,134,35,66,36,38,10,66,43,24,48,72,14,17,603,8.0,29.0,97.0,2008,Feb,Apr,2008-02-01,2008-04-30
679,2,54,3,3,28,127,35,64,34,38,10,65,41,25,49,73,13,17,590,8.0,25.0,93.0,2008,Mar,May,2008-03-01,2008-05-31
657,2,54,3,3,27,120,34,62,33,37,9,63,38,25,49,72,10,17,569,8.0,23.0,89.0,2008,Apr,Jun,2008-04-01,2008-06-30
643,2,51,3,3,26,115,32,62,37,37,8,60,37,25,50,72,8,17,558,7.0,21.0,87.0,2008,May,Jul,2008-05-01,2008-07-31
624,2,50,3,3,25,112,30,60,39,36,7,54,34,26,49,72,10,15,542,6.0,21.0,84.0,2008,Jun,Aug,2008-06-01,2008-08-31
615,2,46,3,2,25,106,27,58,37,36,8,52,39,27,51,72,10,13,536,5.0,22.0,79.0,2008,Jul,Sep,2008-07-01,2008-09-30
596,2,44,3,2,21,106,26,54,36,36,8,48,36,27,51,72,12,13,524,5.0,23.0,79.0,2008,Aug,Oct,2008-08-01,2008-10-31
562,2,39,3,2,18,100,24,51,31,33,6,45,36,27,52,69,12,13,499,4.0,19.0,77.0,2008,Sep,Nov,2008-09-01,2008-11-30
527,2,35,2,2,16,94,22,48,30,29,7,39,32,27,52,68,11,13,470,3.0,15.0,75.0,2008,Oct,Dec,2008-10-01,2008-12-31
498,2,32,3,2,16,85,22,43,28,26,7,36,30,27,52,68,11,12,445,3.0,11.0,71.0,2009,Nov,Jan,2009-11-01,2009-01-31
478,1,30,3,2,15,81,20,42,28,25,7,34,29,27,50,67,9,11,428,3.0,10.0,68.0,2009,Dec,Feb,2009-12-01,2009-02-28
464,1,28,3,1,14,80,18,43,26,22,5,33,25,26,50,69,10,10,417,3.0,10.0,66.0,2009,Jan,Mar,2009-01-01,2009-03-31
454,1,27,2,1,13,77,18,45,25,22,5,31,24,27,50,67,10,9,409,4.0,11.0,63.0,2009,Feb,Apr,2009-02-01,2009-04-30
444,1,27,2,1,12,76,17,44,24,20,4,30,23,26,50,66,12,9,400,3.0,10.0,62.0,2009,Mar,May,2009-03-01,2009-05-31
431,1,27,2,1,12,77,17,40,23,21,5,27,22,26,49,63,11,9,388,3.0,11.0,62.0,2009,Apr,Jun,2009-04-01,2009-06-30
429,1,27,3,1,12,76,17,41,22,22,6,28,20,25,49,62,10,8,387,3.0,12.0,62.0,2009,May,Jul,2009-05-01,2009-07-31
438,1,26,3,1,12,79,18,41,22,24,7,27,21,25,50,62,10,10,396,4.0,12.0,63.0,2009,Jun,Aug,2009-06-01,2009-08-31
436,1,28,3,1,11,79,19,41,23,23,8,29,21,22,52,58,9,9,393,4.0,12.0,63.0,2009,Jul,Sep,2009-07-01,2009-09-30
432,1,27,3,1,10,79,18,40,24,22,6,30,24,19,51,58,10,11,391,4.0,11.0,64.0,2009,Aug,Oct,2009-08-01,2009-10-31
437,1,29,2,1,9,81,18,41,25,22,5,31,26,16,51,58,11,9,395,4.0,12.0,66.0,2009,Sep,Nov,2009-09-01,2009-11-30
454,1,31,3,1,9,84,17,44,25,23,5,34,27,16,51,60,14,10,411,3.0,13.0,69.0,2009,Oct,Dec,2009-10-01,2009-12-31
464,1,31,3,1,9,86,17,41,26,26,7,35,30,14,53,59,16,10,419,3.0,13.0,70.0,2010,Nov,Jan,2010-11-01,2010-01-31
467,1,27,3,2,9,87,18,44,25,27,7,36,29,13,55,63,14,10,426,4.0,15.0,69.0,2010,Dec,Feb,2010-12-01,2010-02-28
465,1,27,3,1,9,87,18,45,25,28,7,36,29,11,53,64,11,11,423,4.0,14.0,69.0,2010,Jan,Mar,2010-01-01,2010-03-31
467,1,26,3,1,9,89,18,46,25,29,6,35,28,10,54,64,10,12,427,6.0,15.0,68.0,2010,Feb,Apr,2010-02-01,2010-04-30
479,1,30,3,1,10,92,18,48,25,31,6,34,32,10,51,63,10,15,434,6.0,17.0,69.0,2010,Mar,May,2010-03-01,2010-05-31
484,1,30,3,2,10,94,18,48,26,31,7,37,32,10,49,62,11,14,438,7.0,20.0,68.0,2010,Apr,Jun,2010-04-01,2010-06-30
479,1,34,3,2,12,93,18,47,27,31,7,37,31,8,41,62,11,15,428,6.0,19.0,69.0,2010,May,Jul,2010-05-01,2010-07-31
461,1,34,3,2,11,91,17,46,27,29,7,38,31,7,35,61,11,13,411,6.0,18.0,67.0,2010,Jun,Aug,2010-06-01,2010-08-31
455,1,34,3,2,10,91,19,45,28,28,6,38,32,5,28,61,11,13,406,6.0,17.0,68.0,2010,Jul,Sep,2010-07-01,2010-09-30
455,1,33,3,2,10,92,19,46,29,29,6,39,31,6,28,59,10,13,406,6.0,17.0,69.0,2010,Aug,Oct,2010-08-01,2010-10-31
474,1,34,3,1,12,93,22,43,29,30,6,41,30,17,29,58,10,15,423,7.0,16.0,70.0,2010,Sep,Nov,2010-09-01,2010-11-30
483,1,34,3,1,13,93,22,43,29,31,5,41,29,29,30,56,9,14,430,6.0,17.0,70.0,2010,Oct,Dec,2010-10-01,2010-12-31
495,1,35,3,2,13,93,24,43,30,32,6,42,28,39,28,53,9,14,441,6.0,17.0,70.0,2011,Nov,Jan,2011-11-01,2011-01-31
490,1,37,3,1,13,93,19,48,32,31,6,42,28,35,27,52,9,12,434,5.0,17.0,71.0,2011,Dec,Feb,2011-12-01,2011-02-28
483,1,39,3,2,13,91,20,46,33,31,5,43,33,25,28,51,9,11,425,5.0,17.0,69.0,2011,Jan,Mar,2011-01-01,2011-03-31
472,2,41,3,2,12,93,19,46,33,29,4,44,32,15,28,52,9,10,414,5.0,17.0,71.0,2011,Feb,Apr,2011-02-01,2011-04-30
461,2,39,3,2,11,92,19,45,32,28,4,45,32,9,29,51,9,9,404,6.0,17.0,70.0,2011,Mar,May,2011-03-01,2011-05-31
460,2,38,3,1,11,92,20,46,31,28,4,46,31,8,29,52,9,10,406,5.0,17.0,70.0,2011,Apr,Jun,2011-04-01,2011-06-30
457,2,36,3,2,10,91,20,44,32,27,4,43,35,8,30,51,11,10,405,6.0,17.0,69.0,2011,May,Jul,2011-05-01,2011-07-31
462,2,36,3,2,11,89,20,45,33,25,4,46,34,7,30,54,13,10,410,5.0,17.0,67.0,2011,Jun,Aug,2011-06-01,2011-08-31
464,2,36,3,2,11,91,19,43,33,25,5,45,35,7,30,53,14,11,410,5.0,18.0,68.0,2011,Jul,Sep,2011-07-01,2011-09-30
467,2,37,3,1,10,92,20,43,32,25,5,48,32,7,31,55,13,11,414,5.0,20.0,67.0,2011,Aug,Oct,2011-08-01,2011-10-31
462,2,36,3,2,10,91,20,43,31,24,6,45,35,7,31,55,12,10,409,5.0,21.0,65.0,2011,Sep,Nov,2011-09-01,2011-11-30
465,2,39,3,2,9,90,21,44,33,23,6,47,34,7,31,55,11,9,411,6.0,20.0,64.0,2011,Oct,Dec,2011-10-01,2011-12-31
476,2,42,3,2,11,90,18,47,34,21,6,51,33,7,33,55,10,10,416,6.0,18.0,67.0,2012,Nov,Jan,2012-11-01,2012-01-31
473,2,42,3,2,11,92,19,47,33,22,5,48,32,7,33,54,9,13,414,6.0,18.0,69.0,2012,Dec,Feb,2012-12-01,2012-02-29
467,2,40,3,2,12,91,19,46,32,21,5,47,32,7,34,54,8,13,409,6.0,17.0,68.0,2012,Jan,Mar,2012-01-01,2012-03-31
465,2,40,3,1,13,89,19,46,32,21,5,43,32,8,33,56,9,12,405,5.0,18.0,66.0,2012,Feb,Apr,2012-02-01,2012-04-30
470,2,38,3,2,14,88,19,47,32,22,7,44,31,8,35,58,11,9,411,5.0,17.0,66.0,2012,Mar,May,2012-03-01,2012-05-31
474,2,38,3,2,14,89,19,47,31,23,8,43,32,8,35,58,12,11,415,5.0,16.0,68.0,2012,Apr,Jun,2012-04-01,2012-06-30
479,2,36,4,2,14,92,20,47,30,23,8,43,33,8,37,59,11,12,422,6.0,16.0,70.0,2012,May,Jul,2012-05-01,2012-07-31
483,2,37,3,2,13,95,21,49,29,23,7,44,33,7,36,59,10,13,426,6.0,18.0,71.0,2012,Jun,Aug,2012-06-01,2012-08-31
487,2,36,3,2,14,95,21,51,28,23,7,46,33,7,36,60,10,13,430,7.0,19.0,69.0,2012,Jul,Sep,2012-07-01,2012-09-30
490,2,38,3,2,14,94,21,53,27,23,7,46,32,7,36,61,12,13,431,6.0,18.0,70.0,2012,Aug,Oct,2012-08-01,2012-10-31
493,2,37,3,2,14,95,21,53,27,24,7,44,32,7,37,62,13,14,435,6.0,18.0,71.0,2012,Sep,Nov,2012-09-01,2012-11-30
501,2,36,3,2,13,94,21,53,28,28,6,44,35,8,37,64,14,15,445,7.0,17.0,71.0,2012,Oct,Dec,2012-10-01,2012-12-31
503,3,37,3,2,13,95,17,51,28,28,6,44,36,8,37,67,13,16,446,7.0,17.0,71.0,2013,Nov,Jan,2013-11-01,2013-01-31
505,2,37,3,2,13,92,19,50,29,27,6,44,38,8,40,68,13,16,449,7.0,17.0,67.0,2013,Dec,Feb,2013-12-01,2013-02-28
506,2,38,3,2,12,95,19,48,29,27,7,44,38,8,40,69,13,14,449,8.0,17.0,70.0,2013,Jan,Mar,2013-01-01,2013-03-31
515,3,37,3,2,13,97,20,50,29,27,6,46,39,9,40,68,14,14,458,7.0,18.0,72.0,2013,Feb,Apr,2013-02-01,2013-04-30
522,3,38,4,2,14,100,19,51,29,27,7,46,39,9,39,70,12,15,462,7.0,18.0,75.0,2013,Mar,May,2013-03-01,2013-05-31
533,3,37,4,2,15,103,20,55,30,27,6,47,38,9,40,72,11,16,474,7.0,20.0,75.0,2013,Apr,Jun,2013-04-01,2013-06-30
539,2,37,4,2,15,102,20,57,31,28,7,48,36,8,41,73,12,16,479,7.0,20.0,75.0,2013,May,Jul,2013-05-01,2013-07-31
536,2,36,4,2,14,99,20,56,31,29,8,48,37,8,39,74,12,16,478,8.0,19.0,72.0,2013,Jun,Aug,2013-06-01,2013-08-31
547,2,37,4,1,14,106,21,59,30,30,8,48,37,9,39,76,13,16,490,8.0,21.0,78.0,2013,Jul,Sep,2013-07-01,2013-09-30
552,2,39,4,2,14,109,21,59,29,32,10,48,37,9,38,77,11,14,492,8.0,21.0,80.0,2013,Aug,Oct,2013-08-01,2013-10-31
567,2,40,4,2,14,111,21,64,32,32,9,50,36,9,40,79,11,11,505,8.0,21.0,82.0,2013,Sep,Nov,2013-09-01,2013-11-30
573,2,41,4,2,16,109,22,63,33,32,9,53,37,9,40,80,10,12,508,8.0,21.0,80.0,2013,Oct,Dec,2013-10-01,2013-12-31
584,2,40,4,2,18,109,22,64,33,32,8,55,40,9,41,81,11,13,518,7.0,23.0,80.0,2014,Nov,Jan,2014-11-01,2014-01-31
596,2,39,4,2,18,112,21,63,31,33,9,56,42,10,44,84,13,14,531,9.0,23.0,81.0,2014,Dec,Feb,2014-12-01,2014-02-28
616,2,44,4,2,20,112,22,62,31,33,9,58,46,10,46,87,13,14,544,8.0,24.0,80.0,2014,Jan,Mar,2014-01-01,2014-03-31
639,2,46,4,2,21,115,22,66,32,35,10,58,45,11,49,90,15,16,563,8.0,24.0,82.0,2014,Feb,Apr,2014-02-01,2014-04-30
653,2,47,4,2,20,118,23,70,31,37,11,59,48,11,49,90,15,18,577,8.0,27.0,83.0,2014,Mar,May,2014-03-01,2014-05-31
661,2,47,4,2,19,121,22,73,30,37,12,58,47,11,50,93,15,21,588,9.0,28.0,84.0,2014,Apr,Jun,2014-04-01,2014-06-30
669,2,50,4,2,19,123,21,75,29,37,11,59,48,11,49,94,16,19,591,9.0,30.0,85.0,2014,May,Jul,2014-05-01,2014-07-31
681,2,51,4,2,22,125,23,76,31,36,10,59,47,10,52,97,16,18,600,10.0,28.0,87.0,2014,Jun,Aug,2014-06-01,2014-08-31
686,2,52,4,2,23,127,25,76,34,36,9,64,45,11,51,97,14,15,603,10.0,28.0,89.0,2014,Jul,Sep,2014-07-01,2014-09-30
702,2,48,4,2,22,128,27,77,38,36,11,63,47,11,52,101,15,17,623,10.0,27.0,90.0,2014,Aug,Oct,2014-08-01,2014-10-31
702,2,48,4,2,21,128,28,78,37,37,10,62,48,12,52,104,13,17,626,11.0,27.0,90.0,2014,Sep,Nov,2014-09-01,2014-11-30
708,1,47,4,2,22,128,29,77,35,38,10,61,51,12,53,106,14,18,632,10.0,26.0,91.0,2014,Oct,Dec,2014-10-01,2014-12-31
712,1,47,4,2,25,128,30,79,35,38,8,66,52,11,51,104,14,18,632,9.0,26.0,92.0,2015,Nov,Jan,2015-11-01,2015-01-31
722,1,50,4,2,27,128,31,78,35,38,9,65,53,11,50,106,16,19,638,10.0,26.0,92.0,2015,Dec,Feb,2015-12-01,2015-02-28
730,1,48,4,2,28,131,32,78,36,39,10,65,52,11,50,108,17,19,648,11.0,28.0,92.0,2015,Jan,Mar,2015-01-01,2015-03-31
726,1,47,4,2,26,130,33,79,35,38,11,61,51,12,52,110,17,18,646,12.0,26.0,91.0,2015,Feb,Apr,2015-02-01,2015-04-30
727,1,47,4,3,25,128,33,80,37,36,10,66,51,11,51,111,16,17,648,12.0,26.0,90.0,2015,Mar,May,2015-03-01,2015-05-31
730,1,49,4,3,26,127,32,80,36,34,11,67,51,11,52,113,16,16,647,11.0,25.0,91.0,2015,Apr,Jun,2015-04-01,2015-06-30
741,1,51,4,3,27,130,31,79,37,35,12,70,52,11,51,117,15,15,656,12.0,25.0,93.0,2015,May,Jul,2015-05-01,2015-07-31
742,1,51,4,3,25,129,29,82,37,35,14,70,51,12,51,119,16,15,658,11.0,26.0,92.0,2015,Jun,Aug,2015-06-01,2015-08-31
741,1,51,4,3,24,125,30,84,38,34,15,70,52,13,49,119,15,15,659,11.0,26.0,89.0,2015,Jul,Sep,2015-07-01,2015-09-30
741,1,49,4,3,23,124,31,86,40,32,14,68,53,13,49,118,14,18,660,10.0,25.0,89.0,2015,Aug,Oct,2015-08-01,2015-10-31
741,1,48,4,4,23,128,31,85,40,30,14,67,53,13,49,119,15,19,661,11.0,26.0,91.0,2015,Sep,Nov,2015-09-01,2015-11-30
746,1,48,4,4,22,135,30,84,41,31,12,66,51,12,49,121,16,22,667,13.0,29.0,93.0,2015,Oct,Dec,2015-10-01,2015-12-31
750,1,49,4,4,21,137,30,82,39,32,11,65,51,11,52,124,17,20,673,13.0,29.0,95.0,2016,Nov,Jan,2016-11-01,2016-01-31
748,1,47,4,3,21,139,30,79,41,32,9,65,50,11,52,126,17,20,673,14.0,30.0,96.0,2016,Dec,Feb,2016-12-01,2016-02-29
748,1,47,4,3,21,139,30,83,42,30,9,66,48,11,51,125,18,21,673,14.0,28.0,97.0,2016,Jan,Mar,2016-01-01,2016-03-31
742,1,45,4,3,22,140,31,84,42,30,8,67,48,10,50,120,18,21,669,14.0,29.0,97.0,2016,Feb,Apr,2016-02-01,2016-04-30
745,1,46,4,3,23,139,33,86,42,29,10,66,48,11,49,119,17,22,670,15.0,26.0,98.0,2016,Mar,May,2016-03-01,2016-05-31
746,1,46,4,3,22,138,35,81,44,31,10,66,49,13,48,118,16,22,671,15.0,27.0,96.0,2016,Apr,Jun,2016-04-01,2016-06-30
747,1,49,4,4,21,139,34,78,46,30,11,64,50,14,46,119,18,20,670,15.0,26.0,98.0,2016,May,Jul,2016-05-01,2016-07-31
752,1,49,4,4,21,137,34,77,45,29,11,64,52,14,47,119,22,22,674,14.0,27.0,96.0,2016,Jun,Aug,2016-06-01,2016-08-31
753,1,51,5,4,21,136,32,77,40,31,10,62,53,13,49,121,24,24,673,14.0,27.0,95.0,2016,Jul,Sep,2016-07-01,2016-09-30
765,1,52,4,3,25,138,31,79,39,31,9,64,55,13,51,121,23,27,679,13.0,29.0,95.0,2016,Aug,Oct,2016-08-01,2016-10-31
758,1,53,4,3,27,135,30,82,38,31,8,65,56,13,48,119,21,24,669,12.0,28.0,95.0,2016,Sep,Nov,2016-09-01,2016-11-30
755,1,53,4,3,28,135,30,84,37,30,8,66,55,13,48,119,19,22,666,12.0,27.0,96.0,2016,Oct,Dec,2016-10-01,2016-12-31
748,1,52,4,4,28,134,29,88,38,30,9,65,52,13,48,119,17,20,660,11.0,28.0,95.0,2017,Nov,Jan,2017-11-01,2017-01-31
764,1,52,4,4,29,136,29,91,39,32,11,65,49,15,50,121,16,20,674,13.0,28.0,95.0,2017,Dec,Feb,2017-12-01,2017-02-28
771,1,50,4,5,28,134,29,92,39,33,13,65,55,16,52,120,15,19,684,14.0,30.0,91.0,2017,Jan,Mar,2017-01-01,2017-03-31
791,1,55,4,4,27,137,31,91,41,34,13,67,57,16,54,124,17,20,700,15.0,29.0,93.0,2017,Feb,Apr,2017-02-01,2017-04-30
786,1,54,4,4,27,138,30,91,42,36,11,66,56,16,51,124,17,19,697,13.0,31.0,94.0,2017,Mar,May,2017-03-01,2017-05-31
786,1,54,4,3,27,140,30,91,42,36,11,69,54,16,49,124,18,20,697,14.0,30.0,96.0,2017,Apr,Jun,2017-04-01,2017-06-30
784,1,51,4,3,28,139,32,93,42,37,11,67,55,16,48,120,16,20,696,13.0,29.0,97.0,2017,May,Jul,2017-05-01,2017-07-31
793,1,51,4,3,30,143,34,92,44,38,10,69,53,17,50,119,14,20,704,15.0,29.0,99.0,2017,Jun,Aug,2017-06-01,2017-08-31
800,1,51,4,3,30,145,34,92,43,40,10,68,51,17,52,122,17,21,711,15.0,30.0,100.0,2017,Jul,Sep,2017-07-01,2017-09-30
812,1,54,4,4,31,147,33,91,42,40,9,72,48,18,55,124,18,21,717,16.0,31.0,100.0,2017,Aug,Oct,2017-08-01,2017-10-31
819,1,57,4,4,28,143,35,92,40,40,10,73,53,17,53,127,22,21,725,16.0,31.0,96.0,2017,Sep,Nov,2017-09-01,2017-11-30
820,1,59,4,4,26,137,36,94,43,39,9,77,54,17,50,129,20,21,726,15.0,31.0,91.0,2017,Oct,Dec,2017-10-01,2017-12-31
817,1,57,4,4,24,132,40,94,43,39,9,74,54,18,49,131,21,22,726,13.0,30.0,89.0,2018,Nov,Jan,2018-11-01,2018-01-31
814,1,58,4,4,23,131,43,93,44,39,9,71,54,18,49,130,20,23,723,15.0,29.0,88.0,2018,Dec,Feb,2018-12-01,2018-02-28
815,1,58,4,4,22,133,43,89,44,40,11,74,55,18,47,130,21,23,727,15.0,28.0,90.0,2018,Jan,Mar,2018-01-01,2018-03-31
811,1,61,3,4,23,130,42,87,45,39,10,76,55,20,46,128,22,22,720,14.0,27.0,89.0,2018,Feb,Apr,2018-02-01,2018-04-30
821,1,59,3,4,23,129,39,88,46,38,11,77,55,21,48,131,22,25,731,15.0,28.0,86.0,2018,Mar,May,2018-03-01,2018-05-31
832,1,60,4,4,26,127,40,91,48,38,10,77,56,21,47,133,23,28,739,15.0,29.0,83.0,2018,Apr,Jun,2018-04-01,2018-06-30
837,1,59,4,4,26,130,41,92,48,38,11,74,57,21,49,134,21,27,743,15.0,30.0,86.0,2018,May,Jul,2018-05-01,2018-07-31
842,1,61,4,4,28,134,40,92,47,39,11,76,55,21,50,135,18,27,745,15.0,30.0,89.0,2018,Jun,Aug,2018-06-01,2018-08-31
846,1,62,3,4,26,138,41,92,48,38,12,78,56,22,51,131,17,25,749,16.0,31.0,92.0,2018,Jul,Sep,2018-07-01,2018-09-30
864,1,63,3,4,27,141,40,95,48,39,11,83,56,24,52,132,20,25,766,17.0,31.0,93.0,2018,Aug,Oct,2018-08-01,2018-10-31
862,1,63,3,4,27,140,41,93,51,38,12,80,54,24,51,131,23,25,762,17.0,29.0,94.0,2018,Sep,Nov,2018-09-01,2018-11-30
856,1,63,3,4,27,139,40,93,51,38,13,78,53,23,51,131,23,24,757,18.0,28.0,93.0,2018,Oct,Dec,2018-10-01,2018-12-31
855,1,64,3,4,28,137,41,91,52,37,15,79,53,21,49,132,23,24,753,17.0,28.0,92.0,2019,Nov,Jan,2019-11-01,2019-01-31
847,1,60,3,4,28,139,43,88,51,36,14,80,51,20,49,133,22,24,748,18.0,30.0,92.0,2019,Dec,Feb,2019-12-01,2019-02-28
845,1,60,3,4,28,135,43,91,48,34,13,80,51,20,50,136,23,23,748,15.0,29.0,91.0,2019,Jan,Mar,2019-01-01,2019-03-31
840,2,57,4,4,27,135,42,94,46,34,12,80,53,21,52,137,22,22,748,15.0,30.0,90.0,2019,Feb,Apr,2019-02-01,2019-04-30
835,2,57,4,4,27,133,41,96,46,33,11,80,50,22,51,138,21,21,744,15.0,30.0,89.0,2019,Mar,May,2019-03-01,2019-05-31
822,2,55,4,4,26,131,41,91,44,34,12,79,49,22,51,139,20,20,733,15.0,29.0,87.0,2019,Apr,Jun,2019-04-01,2019-06-30
821,2,54,3,4,25,133,38,91,42,34,11,81,48,22,52,140,23,19,734,16.0,31.0,86.0,2019,May,Jul,2019-05-01,2019-07-31
815,2,54,3,4,25,128,35,94,43,34,11,81,50,22,51,139,23,19,729,17.0,29.0,82.0,2019,Jun,Aug,2019-06-01,2019-08-31
818,2,52,3,3,25,134,31,97,43,32,10,84,52,22,50,139,19,19,734,18.0,31.0,85.0,2019,Jul,Sep,2019-07-01,2019-09-30
813,2,51,3,4,24,132,31,94,44,32,12,85,53,24,50,137,17,19,729,15.0,31.0,87.0,2019,Aug,Oct,2019-08-01,2019-10-31
809,2,51,3,4,26,134,33,90,42,32,11,80,53,24,52,138,16,19,722,15.0,32.0,87.0,2019,Sep,Nov,2019-09-01,2019-11-30
811,2,53,3,4,26,132,35,87,41,32,12,77,57,24,51,137,18,19,723,14.0,32.0,87.0,2019,Oct,Dec,2019-10-01,2019-12-31
812,2,56,3,4,27,130,36,89,43,31,11,75,54,22,53,136,22,19,719,14.0,31.0,86.0,2020,Nov,Jan,2020-11-01,2020-01-31
819,2,56,3,3,28,133,36,92,43,30,13,76,55,22,51,136,23,18,727,13.0,31.0,89.0,2020,Dec,Feb,2020-12-01,2020-02-29
795,2,52,3,4,27,130,37,85,42,29,14,71,52,22,50,136,23,17,707,13.0,31.0,85.0,2020,Jan,Mar,2020-01-01,2020-03-31
637,1,41,3,3,21,98,28,54,31,25,12,56,45,21,42,130,15,13,569,9.0,23.0,65.0,2020,Feb,Apr,2020-02-01,2020-04-30
471,1,32,2,3,12,63,19,26,22,21,9,43,38,18,32,115,9,9,423,4.0,16.0,43.0,2020,Mar,May,2020-03-01,2020-05-31
328,0,24,2,2,7,36,10,8,13,17,4,33,28,15,22,104,2,6,297,2.0,10.0,24.0,2020,Apr,Jun,2020-04-01,2020-06-30
369,0,27,2,2,12,43,13,16,16,16,5,38,31,17,24,104,2,6,329,3.0,12.0,28.0,2020,May,Jul,2020-05-01,2020-07-31
428,0,31,3,3,18,51,20,25,18,17,7,44,28,18,29,111,4,7,377,5.0,13.0,34.0,2020,Jun,Aug,2020-06-01,2020-08-31
490,0,36,3,3,21,61,22,34,22,19,7,47,34,19,34,115,4,8,427,6.0,14.0,40.0,2020,Jul,Sep,2020-07-01,2020-09-30
535,1,42,3,4,25,64,29,33,26,19,10,51,34,19,40,120,8,11,462,7.0,15.0,42.0,2020,Aug,Oct,2020-08-01,2020-10-31
560,1,43,4,3,26,68,30,34,29,20,11,53,37,22,39,123,10,11,485,8.0,17.0,44.0,2020,Sep,Nov,2020-09-01,2020-11-30
602,1,44,3,3,28,74,31,29,33,21,11,66,36,25,41,129,12,12,520,8.0,19.0,46.0,2020,Oct,Dec,2020-10-01,2020-12-31
617,1,47,4,3,30,77,25,23,36,22,10,67,41,35,43,127,10,12,527,9.0,21.0,47.0,2021,Nov,Jan,2021-11-01,2021-01-31
621,1,50,4,3,29,75,22,20,38,23,8,69,44,36,42,129,7,13,527,8.0,21.0,46.0,2021,Dec,Feb,2021-12-01,2021-02-28
626,1,54,5,4,30,75,23,28,39,25,8,64,48,32,41,130,6,12,531,9.0,21.0,45.0,2021,Jan,Mar,2021-01-01,2021-03-31
659,1,57,6,4,28,80,25,43,41,27,11,68,49,24,43,134,9,11,565,9.0,22.0,49.0,2021,Feb,Apr,2021-02-01,2021-04-30
764,1,59,6,6,32,96,28,75,45,30,14,75,56,22,46,143,19,13,662,12.0,25.0,59.0,2021,Mar,May,2021-03-01,2021-05-31
867,1,64,6,6,30,108,35,108,48,33,16,82,64,24,50,154,25,19,763,14.0,30.0,64.0,2021,Apr,Jun,2021-04-01,2021-06-30
968,1,68,6,6,35,122,39,129,55,36,15,89,70,26,53,164,31,25,853,15.0,33.0,74.0,2021,May,Jul,2021-05-01,2021-07-31
1052,1,74,6,6,38,136,45,145,59,39,15,99,78,28,57,172,30,25,928,16.0,37.0,83.0,2021,Jun,Aug,2021-06-01,2021-08-31
1125,1,83,6,7,43,147,48,149,65,44,17,106,83,29,60,179,31,25,984,18.0,37.0,92.0,2021,Jul,Sep,2021-07-01,2021-09-30
1198,2,90,6,9,46,154,54,165,67,46,17,113,87,31,62,189,34,26,1044,19.0,39.0,96.0,2021,Aug,Oct,2021-08-01,2021-10-31
1223,2,94,6,9,41,158,57,170,70,47,17,114,90,31,63,193,33,27,1069,21.0,40.0,98.0,2021,Sep,Nov,2021-09-01,2021-11-30
1243,2,94,6,9,40,159,59,173,70,47,15,119,91,32,66,202,33,26,1091,21.0,41.0,97.0,2021,Oct,Dec,2021-10-01,2021-12-31
1250,2,93,5,8,38,168,59,168,75,49,16,123,91,32,69,204,28,25,1105,22.0,41.0,104.0,2022,Nov,Jan,2022-11-01,2022-01-31
1267,2,94,5,9,47,172,57,162,76,49,16,123,87,33,71,210,32,26,1112,22.0,42.0,108.0,2022,Dec,Feb,2022-12-01,2022-02-28
1276,2,93,5,8,46,179,57,160,76,50,16,127,84,34,68,212,35,27,1124,23.0,41.0,115.0,2022,Jan,Mar,2022-01-01,2022-03-31
1291,2,95,5,9,50,173,58,170,78,52,16,128,83,35,68,212,38,24,1133,22.0,40.0,111.0,2022,Feb,Apr,2022-02-01,2022-04-30
1300,2,95,5,8,50,172,58,176,77,53,18,133,81,35,67,211,34,25,1140,23.0,38.0,111.0,2022,Mar,May,2022-03-01,2022-05-31
1290,2,93,5,9,49,168,53,177,77,56,17,130,80,36,68,212,33,24,1133,22.0,40.0,107.0,2022,Apr,Jun,2022-04-01,2022-06-30
1263,2,92,6,9,46,164,51,173,70,54,17,129,77,38,65,217,33,22,1110,23.0,38.0,103.0,2022,May,Jul,2022-05-01,2022-07-31
1244,2,89,6,9,46,161,50,165,67,54,17,126,78,38,70,214,34,20,1093,22.0,39.0,101.0,2022,Jun,Aug,2022-06-01,2022-08-31
1222,2,87,5,8,46,156,52,156,65,52,17,122,77,37,70,216,34,20,1073,22.0,37.0,97.0,2022,Jul,Sep,2022-07-01,2022-09-30
1208,2,85,5,8,48,156,51,148,63,49,16,123,80,37,77,208,30,23,1058,22.0,37.0,97.0,2022,Aug,Oct,2022-08-01,2022-10-31
1167,2,85,5,7,46,148,49,143,60,49,15,119,73,37,70,206,28,24,1020,23.0,33.0,92.0,2022,Sep,Nov,2022-09-01,2022-11-30
1138,2,79,5,7,42,148,47,146,57,49,14,115,70,36,69,204,25,22,1002,26.0,31.0,91.0,2022,Oct,Dec,2022-10-01,2022-12-31
1114,2,79,5,7,41,148,46,146,53,48,13,108,66,36,66,204,26,22,981,27.0,30.0,92.0,2023,Nov,Jan,2023-11-01,2023-01-31
1112,2,77,5,7,39,149,49,144,53,46,11,107,70,37,67,202,28,21,983,28.0,28.0,92.0,2023,Dec,Feb,2023-12-01,2023-02-28
1104,2,79,6,7,40,144,44,141,54,44,11,109,72,37,69,198,29,22,972,27.0,28.0,89.0,2023,Jan,Mar,2023-01-01,2023-03-31
1075,2,75,6,7,40,141,42,133,52,42,12,107,70,36,67,193,28,23,947,27.0,28.0,86.0,2023,Feb,Apr,2023-02-01,2023-04-30
1043,2,73,6,7,37,141,39,131,50,39,14,101,65,35,64,190,28,24,920,25.0,31.0,85.0,2023,Mar,May,2023-03-01,2023-05-31
1025,2,70,6,7,38,143,38,127,47,38,14,97,64,35,62,187,27,24,903,25.0,32.0,86.0,2023,Apr,Jun,2023-04-01,2023-06-30
1010,2,70,7,7,38,139,37,123,47,39,14,96,63,34,61,182,28,25,887,23.0,30.0,86.0,2023,May,Jul,2023-05-01,2023-07-31
988,2,70,6,7,36,137,38,116,46,38,12,94,59,34,61,182,27,24,869,24.0,29.0,85.0,2023,Jun,Aug,2023-06-01,2023-08-31
973,2,72,6,7,33,140,40,116,45,36,10,92,56,32,59,179,26,23,854,25.0,31.0,84.0,2023,Jul,Sep,2023-07-01,2023-09-30
952,2,70,5,6,33,135,36,112,43,35,9,92,57,32,61,178,22,22,834,24.0,31.0,80.0,2023,Aug,Oct,2023-08-01,2023-10-31
948,2,68,5,7,35,133,34,112,43,36,11,94,60,33,60,173,21,21,830,25.0,29.0,80.0,2023,Sep,Nov,2023-09-01,2023-11-30
924,2,65,5,6,37,125,31,108,42,35,12,94,62,32,60,169,18,19,808,24.0,25.0,76.0,2023,Oct,Dec,2023-10-01,2023-12-31
916,2,67,5,7,36,124,32,106,44,32,13,92,64,32,58,166,18,18,799,23.0,28.0,73.0,2024,Nov,Jan,2024-11-01,2024-01-31
904,2,66,5,7,36,120,32,107,42,33,14,90,66,31,58,162,15,18,788,23.0,28.0,70.0,2024,Dec,Feb,2024-12-01,2024-02-29
905,2,65,5,7,37,115,35,107,42,36,15,88,67,32,58,163,14,19,790,22.0,28.0,66.0,2024,Jan,Mar,2024-01-01,2024-03-31
892,2,62,5,6,36,113,35,105,38,35,16,89,66,32,57,162,17,19,782,21.0,27.0,65.0,2024,Feb,Apr,2024-02-01,2024-04-30
886,2,63,5,7,39,109,35,98,40,34,15,90,64,32,57,162,19,18,773,20.0,26.0,63.0,2024,Mar,May,2024-03-01,2024-05-31
870,2,64,4,7,36,107,36,97,41,33,14,88,61,32,56,159,20,18,759,20.0,26.0,61.0,2024,Apr,Jun,2024-04-01,2024-06-30
863,2,63,5,7,38,109,38,95,41,32,14,87,59,31,56,155,17,15,750,21.0,27.0,62.0,2024,May,Jul,2024-05-01,2024-07-31
845,1,62,4,6,39,109,35,97,40,33,13,86,55,30,55,151,16,15,733,20.0,27.0,61.0,2024,Jun,Aug,2024-06-01,2024-08-31
832,1,59,4,6,39,108,32,94,38,33,12,86,57,28,55,147,18,15,724,20.0,27.0,61.0,2024,Jul,Sep,2024-07-01,2024-09-30
823,2,57,4,6,36,104,33,91,39,35,13,85,58,29,53,144,18,15,717,18.0,27.0,59.0,2024,Aug,Oct,2024-08-01,2024-10-31
807,2,56,4,7,33,98,36,89,38,34,14,81,58,29,53,142,17,15,705,15.0,25.0,58.0,2024,Sep,Nov,2024-09-01,2024-11-30
806,2,57,4,6,35,97,37,88,38,35,14,83,58,30,52,139,18,15,702,15.0,25.0,58.0,2024,Oct,Dec,2024-10-01,2024-12-31
804,2,58,4,6,42,94,37,85,36,35,14,83,53,29,52,142,19,15,692,14.0,23.0,58.0,2025,Nov,Jan,2025-11-01,2025-01-31
799,2,56,4,6,43,98,35,83,36,36,13,81,53,28,52,138,20,16,689,15.0,26.0,58.0,2025,Dec,Feb,2025-12-01,2025-02-28
783,1,53,4,7,43,102,34,82,35,34,14,79,52,28,48,135,18,13,676,17.0,27.0,59.0,2025,Jan,Mar,2025-01-01,2025-03-31
762,1,50,4,7,33,103,33,81,36,34,13,77,52,29,46,134,18,12,667,18.0,29.0,56.0,2025,Feb,Apr,2025-02-01,2025-04-30
738,1,48,4,7,33,99,32,78,35,33,13,73,49,28,44,134,16,11,646,17.0,28.0,54.0,2025,Mar,May,2025-03-01,2025-05-31
725,1,49,4,8,30,92,33,78,35,32,13,72,49,28,42,136,15,12,635,14.0,27.0,51.0,2025,Apr,Jun,2025-04-01,2025-06-30
718,1,46,4,7,30,93,32,73,33,33,13,73,50,28,45,131,15,12,631,16.0,27.0,49.0,2025,May,Jul,2025-05-01,2025-07-31
-44,0,-4,0,0,-3,-10,-1,-7,-3,-1,0,-4,-2,-1,-2,-3,-3,0,-36,-2.0,-2.0,-7.0,,Change,,,
-5.8,-7.7,-7.8,-9.5,5.9,-9.9,-10.1,-2.8,-8.9,-7.2,-1.8,-0.8,-5,-3.4,-2.7,-3.7,-2.2,-17.6,0.8,-5.4,-10.7,-5.8,-12.3,,Change,,,
-145,0,-17,-1,0,-9,-17,-7,-21,-8,1,-1,-15,-9,-3,-11,-23,-3,-3,-119,-5.0,1.0,-12.0,,Change,,,
-16.8,-20,-26.6,-15.6,4.3,-22.1,-15.2,-17,-22.6,-18.9,4.4,-6.4,-16.6,-14.9,-8.7,-19.9,-15.1,-16.7,-22.1,-15.8,-23.3,2.2,-20.1,,Change,,,
,,,,,,,,,,Source: ONS Vacancy Survey,,,,,,,,,,,,,,,,,
,,,,,,,,,,"Vacancy Survey enquiries: vacancy.survey@ons.gov.uk, 01633 456776",,,,,,,,,,,,,,,,,
,,,,,,,,,,,,,,,,,,,,,,,,,,,
,,,,,,,,,,,,,,,,,,,,,,,,,,,
