Mon,All vacancies1 ,Mining & quarrying,Manu-    facturing,"Electricity, gas, steam & air conditioning supply2","Water supply, sewerage, waste & remediation activities2",Construc-tion,Motor Trades,Wholesale,Retail,Transport & storage,Accommodation & food service activities,Information & communica-tion,Financial & insurance activities,Real estate activities2,Professional scientific & technical activities,Administra-tive & support service activities,Public admin & defence; compulsory social security,Education,Human health & social work activities2,"Arts, entertainment & recreation2",Other service activities
01/05/2001,689,2,80,2,3,39,12,27,81,25,62,50,32,6,55,40,18,36,78,20,21
01/06/2001,692,2,84,2,2,29,12,24,96,30,60,52,28,8,60,44,18,33,80,15,16
01/07/2001,670,1,68,2,2,35,7,26,91,25,62,46,32,6,49,36,16,35,91,17,19
01/08/2001,667,2,77,4,3,27,9,30,93,42,55,47,25,4,54,40,15,28,82,14,15
01/09/2001,733,1,78,2,3,36,14,24,91,45,79,51,30,6,58,43,15,33,86,17,18
01/10/2001,649,1,63,2,2,28,10,24,113,25,55,42,32,6,47,35,16,35,85,13,15
01/11/2001,607,1,71,2,2,21,12,23,112,20,51,41,27,5,44,32,18,31,70,12,14
01/12/2001,549,1,49,2,2,19,9,19,75,26,47,37,24,4,44,32,16,31,84,13,14
01/01/2002,531,2,58,2,2,18,6,32,75,21,43,36,25,5,36,27,14,27,80,11,12
01/02/2002,627,1,69,2,3,28,11,22,92,22,54,44,26,5,43,31,16,31,88,19,21
01/03/2002,608,1,56,2,2,28,8,23,78,24,61,45,25,7,49,36,16,38,79,15,16
01/04/2002,597,1,67,1,3,24,8,23,83,32,54,40,27,5,39,30,14,30,82,16,17
01/05/2002,620,1,68,1,2,25,11,18,81,27,59,46,26,7,47,35,15,34,88,13,14
01/06/2002,642,1,63,2,2,41,7,20,89,30,64,46,24,7,49,36,17,36,80,13,14
01/07/2002,603,1,74,2,3,25,8,23,88,31,39,47,25,6,37,28,17,36,79,16,18
01/08/2002,637,1,59,1,2,23,11,20,91,43,66,44,27,6,44,32,17,32,84,15,17
01/09/2002,666,1,62,1,2,29,12,26,117,46,62,41,24,7,42,32,19,38,79,12,13
01/10/2002,653,1,80,1,2,20,8,25,129,39,49,42,23,6,39,30,16,36,82,12,14
01/11/2002,613,1,56,1,2,26,12,22,96,29,56,42,22,5,41,31,17,36,90,12,14
01/12/2002,542,1,47,1,2,25,8,21,74,27,51,36,22,6,39,29,18,37,73,12,14
01/01/2003,521,1,56,1,2,23,9,22,68,29,32,39,24,5,36,27,14,29,76,13,15
01/02/2003,582,1,55,2,2,27,9,24,69,27,52,41,21,9,39,29,19,40,84,15,16
01/03/2003,585,1,56,2,2,25,9,26,71,27,58,41,26,6,43,32,19,37,68,17,18
01/04/2003,563,1,56,2,2,26,8,20,75,31,52,37,25,7,35,27,17,38,82,12,13
01/05/2003,605,1,55,2,2,35,10,17,73,24,68,40,26,6,41,30,20,45,82,14,15
01/06/2003,580,1,54,2,2,28,12,26,73,25,67,38,26,6,37,27,20,45,68,11,13
01/07/2003,569,1,57,1,2,34,8,23,80,27,53,36,26,8,35,27,18,37,75,11,12
01/08/2003,625,1,60,2,2,30,11,27,84,45,52,41,28,6,41,31,18,41,81,13,14
01/09/2003,659,1,61,2,2,27,10,26,100,44,69,45,26,8,41,31,21,42,74,14,15
01/10/2003,654,1,67,2,2,31,9,28,112,31,53,42,29,8,40,30,20,38,80,14,16
01/11/2003,624,1,60,2,2,30,10,21,103,27,52,39,29,5,38,28,19,39,85,16,17
01/12/2003,565,1,51,1,2,23,7,26,83,31,50,41,26,8,42,32,17,38,62,13,14
01/01/2004,524,1,47,1,1,22,8,24,85,26,43,35,27,6,39,29,14,28,68,9,10
01/02/2004,622,1,60,1,2,25,8,30,75,26,55,41,39,6,42,31,18,40,91,14,16
01/03/2004,633,1,57,1,3,29,10,27,83,30,67,46,31,6,50,37,17,38,67,17,18
01/04/2004,610,1,64,1,2,25,8,24,88,28,56,41,34,8,42,32,15,34,78,13,15
01/05/2004,657,1,64,1,3,25,9,27,93,29,56,42,37,7,41,31,21,43,86,19,21
01/06/2004,668,1,72,2,2,27,14,27,88,27,57,49,32,11,56,42,19,44,74,12,13
01/07/2004,669,1,69,2,2,32,10,28,101,28,59,46,31,7,51,38,16,41,78,13,15
01/08/2004,672,1,70,2,2,23,9,28,98,41,56,45,34,5,44,33,19,40,87,16,18
01/09/2004,697,1,62,2,2,30,10,24,109,40,67,51,33,9,57,42,17,40,75,13,15
01/10/2004,717,1,71,2,2,31,8,33,132,30,56,51,34,6,54,40,18,42,78,13,15
01/11/2004,660,1,64,2,2,18,9,30,116,25,54,46,31,6,50,37,20,40,77,15,17
01/12/2004,606,1,53,2,2,22,10,22,93,29,53,45,31,6,51,38,18,39,64,12,14
01/01/2005,591,1,52,2,2,23,7,28,92,26,45,40,32,5,51,37,15,34,76,10,12
01/02/2005,629,1,58,2,2,19,8,27,95,26,51,39,36,6,47,35,18,43,83,15,17
01/03/2005,621,2,59,2,2,31,11,27,84,25,53,41,33,6,50,37,19,41,73,12,13
01/04/2005,635,1,56,2,2,29,6,27,88,28,60,42,35,6,54,40,20,43,77,10,11
01/05/2005,659,1,52,2,2,23,8,25,96,27,56,40,37,7,52,38,19,49,91,16,17
01/06/2005,642,1,58,1,2,28,10,30,87,28,56,43,37,6,51,38,20,46,75,12,14
01/07/2005,639,1,57,1,2,19,6,24,108,26,53,41,38,8,55,40,17,42,77,11,13
01/08/2005,638,1,48,2,2,21,8,22,103,39,56,37,34,5,46,34,19,44,86,16,17
01/09/2005,661,1,54,2,2,29,8,23,111,42,65,43,35,7,50,37,20,38,75,9,10
01/10/2005,642,1,58,2,2,24,7,23,112,23,59,43,35,8,52,38,21,46,64,12,14
01/11/2005,611,2,49,2,2,24,9,22,103,24,50,37,31,6,51,38,20,41,73,13,14
01/12/2005,570,1,44,2,2,26,7,21,86,24,50,38,34,6,46,34,19,42,64,12,13
01/01/2006,536,2,45,2,2,23,8,21,71,22,40,36,36,11,48,36,18,33,61,11,13
01/02/2006,591,3,51,2,2,23,8,19,76,23,48,38,35,8,54,40,21,47,65,14,16
01/03/2006,587,2,47,2,2,20,8,18,71,27,53,41,40,11,50,38,21,39,63,16,17
01/04/2006,598,2,55,2,2,25,8,30,77,23,51,38,39,10,48,36,23,41,62,12,14
01/05/2006,601,3,53,3,2,22,7,23,87,21,43,38,40,9,57,42,21,47,58,12,14
01/06/2006,624,2,50,2,2,19,8,26,84,29,50,45,42,9,56,42,21,49,60,13,14
01/07/2006,640,2,52,2,2,27,9,28,88,26,46,44,34,9,59,44,24,47,67,15,16
01/08/2006,615,2,53,2,2,29,11,21,87,23,54,40,39,7,58,42,22,45,59,9,11
01/09/2006,649,2,50,2,2,19,8,22,99,44,61,43,39,7,58,43,20,45,59,13,14
01/10/2006,698,2,55,2,2,31,8,30,114,40,55,43,45,9,56,42,24,47,60,15,16
01/11/2006,603,2,52,2,1,22,8,24,92,26,50,39,36,7,59,44,20,42,60,7,8
01/12/2006,555,2,45,2,1,16,8,21,78,24,45,35,40,6,53,39,21,38,62,8,9
01/01/2007,571,2,45,2,1,24,8,26,69,26,50,37,42,8,54,40,21,37,59,9,11
01/02/2007,621,3,60,2,2,25,7,29,82,24,48,38,37,11,57,42,20,45,67,10,11
01/03/2007,655,2,56,2,2,23,7,27,81,25,62,43,45,6,59,44,22,49,66,15,16
01/04/2007,650,2,52,2,2,25,8,30,84,26,60,43,42,10,59,44,21,49,62,14,15
01/05/2007,646,2,60,2,2,20,11,23,87,26,56,43,40,10,57,42,21,52,61,14,16
01/06/2007,692,2,55,3,2,26,7,28,93,25,55,44,48,11,65,48,23,57,70,13,14
01/07/2007,713,2,62,2,2,36,9,25,94,32,56,47,46,12,66,50,25,52,67,14,15
01/08/2007,683,2,63,2,2,27,8,29,103,45,58,41,44,6,57,43,22,47,65,9,11
01/09/2007,722,2,58,2,2,31,8,27,99,45,60,48,48,8,57,43,24,51,76,15,17
01/10/2007,751,1,68,2,2,37,9,27,121,30,60,46,40,13,61,46,24,56,75,15,17
01/11/2007,685,1,60,3,2,22,9,30,109,30,60,41,40,8,60,44,21,49,73,11,13
01/12/2007,619,1,49,3,2,25,7,25,85,27,50,39,43,6,55,41,21,48,72,8,10
01/01/2008,608,1,55,3,2,26,9,26,79,26,54,39,35,9,54,40,22,40,63,13,14
01/02/2008,699,2,58,3,1,28,8,30,86,29,70,38,36,10,76,46,23,47,74,17,16
01/03/2008,715,2,55,3,2,27,8,30,92,36,76,37,40,11,64,49,24,48,77,18,17
01/04/2008,657,2,56,3,4,32,8,26,85,28,64,31,38,8,62,37,26,49,70,12,17
01/05/2008,668,2,55,2,2,25,11,20,80,28,65,31,39,11,75,37,25,55,72,12,20
01/06/2008,660,2,57,3,2,26,7,23,89,33,63,39,37,8,61,40,25,53,71,7,15
01/07/2008,638,2,49,3,3,26,6,21,85,25,64,45,36,5,54,34,27,55,74,6,18
01/08/2008,618,2,50,3,2,29,7,20,78,42,58,36,34,8,50,28,26,47,71,16,12
01/09/2008,648,2,44,3,2,24,3,22,85,42,59,37,37,9,51,54,29,52,76,9,9
01/10/2008,613,2,44,2,2,15,5,26,109,19,55,40,34,5,39,29,28,53,74,11,18
01/11/2008,509,1,32,2,1,16,3,12,82,20,42,23,26,4,41,29,26,56,61,15,15
01/12/2008,453,1,27,3,2,13,2,8,64,20,39,24,27,11,27,36,25,47,67,5,6
01/01/2009,416,2,26,3,1,14,2,10,60,16,29,28,22,5,28,21,24,38,68,9,12
01/02/2009,438,1,28,2,1,14,3,7,56,14,41,25,22,6,39,24,27,50,60,11,7
01/03/2009,469,1,25,3,2,13,4,14,54,18,51,22,22,4,33,27,24,50,78,14,10
01/04/2009,446,1,29,2,2,14,3,9,59,14,50,26,21,5,26,21,28,50,67,10,9
01/05/2009,424,1,28,2,1,10,3,9,57,13,40,19,19,4,37,23,25,53,54,15,11
01/06/2009,440,0,25,3,1,14,4,17,60,16,35,24,24,5,24,23,27,54,65,9,9
01/07/2009,462,1,29,3,1,12,3,12,63,17,54,24,24,10,34,16,25,54,66,8,8
01/08/2009,450,1,28,3,1,11,4,8,66,27,39,21,25,8,28,25,25,50,55,11,13
01/09/2009,447,1,28,2,1,11,5,14,69,31,37,30,20,6,27,23,18,53,55,8,8
01/10/2009,483,1,29,2,1,9,3,12,89,17,53,26,22,4,32,27,17,52,65,10,11
01/11/2009,458,1,34,2,1,7,3,11,82,15,37,26,25,6,33,31,15,51,57,13,10
01/12/2009,419,1,27,3,1,9,2,15,67,15,35,21,23,6,27,23,16,49,56,16,8
01/01/2010,406,1,23,3,1,9,4,10,54,14,33,22,27,8,33,30,11,45,58,12,8
01/02/2010,458,1,24,3,2,7,3,14,60,16,45,28,27,7,41,27,12,55,68,11,7
01/03/2010,461,1,32,3,1,11,4,17,61,14,49,20,29,5,35,26,10,49,66,12,15
01/04/2010,472,1,23,3,2,9,10,13,61,17,50,26,31,7,35,33,9,56,62,11,14
01/05/2010,513,1,38,3,1,11,6,23,66,15,54,26,33,6,39,37,10,51,64,11,17
01/06/2010,487,1,33,3,2,13,7,24,65,17,44,28,29,10,42,28,9,50,59,10,13
01/07/2010,474,1,36,3,2,11,6,12,69,19,47,30,32,5,39,31,5,33,63,12,19
01/08/2010,453,1,36,3,2,10,6,20,68,14,50,27,27,6,35,36,5,27,60,9,10
01/09/2010,484,1,33,3,2,11,6,20,81,25,48,32,26,7,40,29,4,27,63,11,13
01/10/2010,507,1,34,3,1,12,8,13,91,36,50,32,34,5,38,29,8,30,58,10,15
01/11/2010,504,1,36,2,1,12,7,18,80,29,35,27,30,6,39,34,39,30,56,6,17
01/12/2010,439,1,29,3,1,12,4,17,68,17,38,25,29,5,35,21,40,26,52,7,8
01/01/2011,437,1,28,3,1,13,6,13,55,17,39,32,34,6,42,24,39,21,45,7,12
01/02/2011,481,2,45,3,1,10,5,15,63,14,48,35,28,6,45,35,25,28,54,11,11
01/03/2011,459,1,40,3,3,13,4,20,57,18,44,30,29,4,46,35,10,29,53,11,8
01/04/2011,465,2,39,3,2,13,6,13,67,17,51,34,30,4,47,28,9,26,54,10,10
01/05/2011,466,2,43,3,1,8,7,17,67,15,47,29,29,6,49,35,8,34,48,9,10
01/06/2011,472,1,36,3,1,12,4,22,66,21,45,32,25,4,47,34,8,35,55,9,11
01/07/2011,468,2,34,3,2,10,7,17,67,21,47,36,27,4,41,37,7,28,50,16,14
01/08/2011,474,2,41,3,1,11,4,15,70,17,47,34,24,5,53,32,7,30,56,13,9
01/09/2011,491,2,38,3,2,13,4,24,80,20,45,32,25,5,42,34,7,32,57,13,14
01/10/2011,512,2,36,3,1,6,7,24,84,44,48,34,27,6,45,32,7,29,55,14,8
01/11/2011,456,2,38,3,2,9,6,16,73,14,42,32,21,7,43,39,7,31,56,6,8
01/12/2011,434,2,38,3,2,10,5,19,63,18,36,30,20,5,43,30,7,30,53,10,10
01/01/2012,434,2,37,3,2,11,6,14,58,15,44,34,21,5,54,26,8,29,49,7,10
01/02/2012,443,2,41,3,2,11,5,14,59,14,42,31,22,5,42,35,7,30,53,9,17
01/03/2012,455,2,40,3,1,13,5,21,53,19,44,30,20,5,46,32,7,36,57,12,9
01/04/2012,485,2,41,3,1,16,5,16,62,18,53,39,23,6,46,30,9,33,60,13,8
01/05/2012,477,2,35,3,2,14,7,15,63,15,50,27,24,11,46,35,8,39,57,12,10
01/06/2012,485,2,40,3,1,15,4,19,70,18,45,29,22,7,42,37,7,41,56,12,15
01/07/2012,511,2,37,4,2,14,7,18,72,23,52,36,22,6,48,30,8,42,63,10,15
01/08/2012,482,2,36,3,2,12,6,19,74,21,52,24,26,7,46,34,6,31,58,10,12
01/09/2012,510,2,39,3,2,18,6,20,78,19,59,25,20,9,44,33,8,35,64,11,15
01/10/2012,555,2,44,3,2,14,6,16,92,44,61,33,24,6,43,29,6,42,62,13,12
01/11/2012,492,2,30,4,1,10,7,18,87,18,49,24,28,6,41,33,9,33,64,12,14
01/12/2012,464,3,31,3,1,12,6,14,63,15,43,23,30,6,40,39,8,34,63,13,17
01/01/2013,447,2,37,3,2,14,7,16,56,11,39,30,22,7,38,31,7,36,67,8,14
01/02/2013,492,2,35,3,1,10,7,17,57,20,45,28,27,4,48,40,9,38,69,16,15
01/03/2013,509,3,39,4,2,11,8,16,64,16,48,27,32,10,47,38,7,39,68,18,11
01/04/2013,531,3,40,3,2,17,5,19,68,17,55,35,24,4,49,41,10,41,72,12,14
01/05/2013,533,2,39,4,1,14,7,20,71,19,56,25,27,6,50,40,9,46,69,9,19
01/06/2013,562,3,36,4,2,16,11,23,74,18,63,32,29,9,47,40,8,45,74,13,16
01/07/2013,557,3,42,3,1,15,6,22,72,17,59,38,26,7,55,32,9,43,75,14,19
01/08/2013,519,2,35,4,1,13,8,15,75,25,51,23,31,8,45,40,8,32,74,10,18
01/09/2013,606,2,37,4,2,14,9,25,105,20,78,32,34,10,44,37,9,37,82,14,13
01/10/2013,610,2,49,4,2,14,9,21,102,40,64,33,32,10,51,34,9,37,77,9,10
01/11/2013,566,2,37,4,1,15,7,17,93,22,63,33,32,6,50,37,10,39,82,8,11
01/12/2013,548,2,30,4,2,18,8,23,77,18,57,30,32,9,49,37,8,39,78,11,16
01/01/2014,525,3,40,4,1,17,5,25,63,18,47,29,29,8,52,43,9,37,78,8,10
01/02/2014,596,2,40,4,1,17,10,16,70,17,58,30,34,11,62,43,11,49,89,18,14
01/03/2014,656,2,50,4,4,23,9,27,68,23,67,34,38,7,63,50,10,53,93,18,15
01/04/2014,652,2,50,4,1,24,5,29,75,20,73,35,36,11,56,44,11,51,91,14,18
01/05/2014,657,2,45,4,1,12,10,28,80,19,76,26,37,15,65,51,12,54,83,16,20
01/06/2014,699,2,49,4,2,23,11,31,83,19,80,33,36,9,56,53,9,58,102,16,24
01/07/2014,684,2,63,4,2,23,6,34,83,20,76,28,36,9,64,42,12,49,96,17,18
01/08/2014,694,2,45,4,2,24,12,21,101,26,78,33,37,12,62,48,10,50,95,15,17
01/09/2014,721,2,52,5,2,22,10,28,105,27,90,40,37,6,67,43,11,47,105,10,14
01/10/2014,774,1,53,4,3,22,12,30,112,51,83,40,37,14,58,51,12,47,108,17,19
01/11/2014,701,1,42,3,2,19,11,24,110,26,77,33,38,10,57,51,12,53,106,9,19
01/12/2014,654,1,40,4,2,22,8,24,88,26,68,30,36,6,60,51,10,49,100,12,16
01/01/2015,665,1,46,4,3,30,7,29,72,25,64,35,37,7,67,54,11,41,100,13,17
01/02/2015,721,1,53,4,2,28,13,22,79,29,72,36,40,13,61,51,12,55,111,21,21
01/03/2015,735,1,43,4,2,25,13,32,83,32,79,37,41,10,67,49,10,57,113,20,17
01/04/2015,712,1,46,4,4,26,10,26,77,29,84,37,34,11,65,52,13,50,110,17,15
01/05/2015,743,1,53,4,2,24,14,24,84,32,82,41,35,9,73,53,12,58,109,15,18
01/06/2015,756,1,53,4,2,29,11,28,96,27,86,35,32,12,68,54,10,59,117,17,16
01/07/2015,755,1,52,3,4,29,11,27,91,28,79,37,37,16,74,50,12,51,124,15,15
01/08/2015,749,1,51,4,3,22,10,26,96,30,90,39,35,12,70,51,13,44,118,15,19
01/09/2015,761,1,51,4,2,22,10,24,101,32,98,39,32,16,67,54,13,46,122,13,13
01/10/2015,801,1,50,4,4,26,13,23,115,55,90,41,31,13,66,53,13,46,119,14,23
01/11/2015,753,1,47,5,4,20,12,31,113,26,85,38,30,12,64,51,12,48,120,14,21
01/12/2015,687,1,41,4,4,19,14,30,87,24,70,38,28,12,59,48,9,46,120,14,20
01/01/2016,694,1,45,4,2,21,12,23,79,30,64,36,34,10,57,55,13,51,125,16,18
01/02/2016,729,1,45,4,3,21,13,33,81,26,73,45,31,6,72,45,12,52,129,19,20
01/03/2016,751,1,48,4,3,22,15,29,87,25,93,46,28,11,68,42,9,51,121,25,23
01/04/2016,737,1,43,4,3,21,14,25,87,33,85,41,32,8,70,55,10,53,115,16,20
01/05/2016,759,1,48,4,3,24,17,27,92,34,87,43,29,11,69,47,14,54,119,16,21
01/06/2016,766,1,52,4,4,21,15,30,94,31,83,54,30,12,64,50,16,50,115,16,24
01/07/2016,750,1,52,4,3,19,13,24,101,30,75,44,29,11,65,56,14,47,122,23,17
01/08/2016,775,1,48,5,4,24,14,28,102,37,84,37,27,12,67,53,12,45,123,25,28
01/09/2016,782,1,57,5,3,22,12,29,108,30,87,39,36,8,57,48,14,49,125,23,29
01/10/2016,832,1,57,4,3,32,17,29,127,47,87,37,32,6,68,65,13,46,121,18,24
01/11/2016,753,1,51,4,3,27,9,24,110,28,87,36,28,8,70,56,14,43,116,18,21
01/12/2016,680,1,46,4,3,26,10,27,88,26,70,34,28,10,53,40,12,47,119,15,21
01/01/2017,693,1,46,4,6,26,12,31,78,23,76,39,32,8,58,55,13,42,115,12,15
01/02/2017,779,1,55,4,4,31,16,25,76,29,94,40,33,15,76,44,18,54,126,19,20
01/03/2017,769,1,49,4,4,24,13,34,78,29,85,40,36,15,61,59,17,62,121,19,19
01/04/2017,816,1,65,4,4,24,15,31,92,29,92,49,35,9,75,58,14,53,127,20,19
01/05/2017,786,1,50,5,3,30,12,31,86,27,103,42,38,9,72,50,17,52,122,19,18
01/06/2017,784,1,52,4,4,29,15,30,94,28,93,39,35,13,66,56,18,54,117,16,21
01/07/2017,815,1,56,5,3,27,13,28,102,35,96,48,38,9,68,62,14,53,120,13,24
01/08/2017,816,1,50,4,3,37,16,30,110,35,100,44,39,8,72,51,18,44,123,12,19
01/09/2017,821,1,50,4,4,27,14,29,113,31,93,35,44,11,64,50,18,54,128,27,24
01/10/2017,892,1,68,4,3,33,19,31,128,53,100,43,37,8,78,53,16,53,127,15,21
01/11/2017,834,1,56,4,3,24,14,32,107,38,98,40,40,9,79,59,16,45,129,20,21
01/12/2017,730,1,46,4,4,21,12,28,72,31,75,40,35,9,72,45,18,45,127,20,22
01/01/2018,765,1,54,5,3,24,12,27,77,41,76,45,37,9,67,54,18,45,131,17,21
01/02/2018,804,1,63,4,5,20,18,28,74,44,93,44,41,9,70,54,18,48,128,21,20
01/03/2018,804,1,54,3,4,20,14,29,80,33,78,46,42,14,82,50,18,50,130,31,24
01/04/2018,819,1,68,3,4,27,11,26,82,40,89,52,37,7,81,51,23,47,127,20,20
01/05/2018,857,1,59,3,4,20,21,33,76,39,104,47,39,12,72,61,23,60,133,22,29
01/06/2018,852,1,59,4,5,32,13,31,80,36,94,50,39,10,78,57,18,48,135,30,33
01/07/2018,837,1,64,3,4,28,10,28,95,42,92,50,37,10,69,55,22,56,134,12,23
01/08/2018,874,1,64,3,4,28,20,31,99,38,104,40,39,11,79,64,24,45,137,13,29
01/09/2018,881,1,61,3,4,25,15,29,104,43,95,52,38,14,87,59,21,47,129,26,26
01/10/2018,928,1,69,3,4,30,16,29,123,62,106,46,38,9,81,56,26,51,136,19,23
01/11/2018,859,1,61,3,4,27,18,30,111,37,90,49,39,15,71,52,24,48,131,22,26
01/12/2018,771,1,53,3,4,25,18,25,75,36,71,52,34,17,77,46,20,45,124,23,22
01/01/2019,807,1,63,3,4,30,12,26,80,41,76,50,36,13,83,55,19,40,135,17,22
01/02/2019,814,1,54,4,5,25,20,36,78,40,80,50,35,13,77,41,20,55,136,22,24
01/03/2019,838,2,61,3,4,26,12,28,77,37,96,48,34,13,82,47,21,57,136,35,20
01/04/2019,865,1,59,4,4,29,15,29,85,40,107,48,35,11,87,61,23,50,140,16,20
01/05/2019,827,2,52,3,5,25,20,36,83,40,98,47,33,10,77,38,23,60,136,18,21
01/06/2019,819,2,60,4,5,28,12,26,85,37,85,40,34,15,75,50,21,59,135,27,19
01/07/2019,855,2,51,3,3,23,18,32,86,32,107,42,34,8,87,59,23,53,148,25,20
01/08/2019,811,2,55,3,4,24,20,29,83,30,105,44,32,11,76,53,24,42,137,17,23
01/09/2019,844,2,53,3,3,31,12,27,107,32,95,43,31,13,89,57,21,50,138,17,20
01/10/2019,867,1,51,3,3,21,14,34,111,47,102,39,34,12,89,59,26,46,144,14,17
01/11/2019,788,1,52,3,5,27,19,33,94,36,83,39,31,9,61,46,24,53,137,14,21
01/12/2019,757,1,50,3,3,28,8,27,82,34,65,39,29,15,76,61,21,48,130,20,18
01/01/2020,759,1,53,3,4,20,12,28,69,31,83,47,32,10,81,47,21,44,134,25,15
01/02/2020,795,1,54,3,4,30,18,36,77,35,88,43,27,14,68,45,23,52,141,20,16
01/03/2020,756,2,47,3,4,27,9,30,76,35,65,40,28,18,65,54,22,53,133,29,16
01/04/2020,364,1,24,2,3,5,2,7,24,10,11,16,23,5,40,25,17,26,115,4,6
01/05/2020,327,0,28,2,2,6,1,14,22,9,5,13,17,4,33,33,14,25,95,2,4
01/06/2020,345,0,26,3,2,13,3,11,27,11,10,13,14,4,29,32,17,25,97,2,6
01/07/2020,479,0,29,3,2,18,5,12,36,17,36,23,20,6,54,33,20,31,120,4,9
01/08/2020,504,0,41,3,4,24,6,17,42,30,33,16,16,9,46,31,18,34,119,5,11
01/09/2020,541,0,42,4,3,26,7,12,51,22,40,28,22,7,44,52,19,34,111,5,9
01/10/2020,635,1,50,3,3,31,8,15,55,53,34,29,19,12,63,31,19,42,138,13,16
01/11/2020,567,1,38,3,3,23,8,25,52,32,31,29,21,13,52,32,26,38,122,10,10
01/12/2020,569,1,39,3,3,28,8,18,45,19,16,34,20,9,79,37,28,38,127,6,10
01/01/2021,577,1,49,5,3,31,10,16,34,18,11,37,21,7,60,42,46,41,125,8,10
01/02/2021,569,1,50,4,3,20,5,24,35,21,23,41,25,8,58,39,27,38,132,3,12
01/03/2021,661,1,56,6,6,32,12,23,45,21,43,41,28,9,75,50,21,40,132,12,9
01/04/2021,761,1,67,6,5,30,12,21,53,28,65,50,31,17,75,52,24,56,137,18,12
01/05/2021,913,1,57,5,8,34,15,33,66,30,131,49,36,15,83,65,23,52,158,35,17
01/06/2021,988,1,74,6,5,29,18,39,69,40,152,48,33,16,86,78,25,56,161,24,27
01/07/2021,1056,1,76,5,6,43,14,29,83,37,129,69,41,14,97,72,31,67,173,35,33
01/08/2021,1158,2,77,6,7,43,17,42,103,52,176,58,42,14,108,96,30,49,188,30,20
01/09/2021,1214,1,100,7,9,48,19,36,109,59,162,68,46,21,113,93,28,56,184,30,28
01/10/2021,1293,1,98,6,10,52,20,36,113,79,184,67,45,16,112,77,34,64,207,40,34
01/11/2021,1212,2,81,5,7,25,22,47,121,64,173,68,46,14,110,100,30,58,195,27,19
01/12/2021,1177,2,93,6,9,40,21,38,86,55,132,67,47,14,132,88,32,69,203,24,22
01/01/2022,1218,1,87,4,7,43,22,39,99,54,136,87,54,18,125,82,33,68,201,28,29
01/02/2022,1262,2,96,5,10,50,23,49,98,48,154,79,47,14,116,86,35,71,221,38,20
01/03/2022,1284,2,95,6,9,40,23,36,105,55,164,69,52,14,148,79,35,66,213,42,29
01/04/2022,1350,2,97,5,8,60,21,39,98,57,206,95,61,19,127,81,36,79,199,39,22
01/05/2022,1314,2,97,5,9,54,26,42,105,48,194,70,51,20,135,81,34,72,218,28,24
01/06/2022,1271,2,93,7,11,39,23,41,107,44,169,70,57,13,128,81,39,75,210,36,27
01/07/2022,1262,2,91,5,6,45,21,32,94,47,186,73,55,18,126,73,41,67,224,38,16
01/08/2022,1245,2,88,5,10,55,22,43,106,55,160,58,47,18,120,90,35,69,215,28,20
01/09/2022,1209,2,88,6,8,42,19,33,111,62,140,64,50,14,119,75,35,63,218,36,27
01/10/2022,1232,2,86,5,6,51,25,32,112,64,161,59,45,16,122,78,39,77,204,24,24
01/11/2022,1100,2,78,5,5,45,26,34,99,48,134,53,47,14,110,64,34,59,202,22,20
01/12/2022,1027,2,62,5,8,26,27,25,88,44,113,48,52,13,109,58,35,64,206,23,19
01/01/2023,1068,2,84,6,6,42,24,28,83,44,134,51,45,11,105,68,38,62,192,25,18
01/02/2023,1100,2,81,5,6,39,32,29,72,44,128,59,44,9,112,79,38,69,201,31,20
01/03/2023,1084,2,71,6,9,34,25,27,77,30,139,57,45,14,117,65,35,75,199,35,23
01/04/2023,1070,2,75,6,6,49,27,29,83,43,146,50,41,13,99,63,37,68,179,26,28
01/05/2023,1029,2,76,6,7,30,25,38,77,35,136,47,36,14,96,66,32,64,188,28,23
01/06/2023,1044,2,68,6,8,40,28,31,91,30,129,46,40,15,95,65,36,73,189,30,23
01/07/2023,1018,2,72,7,7,45,19,21,89,37,127,51,42,12,98,62,34,63,171,28,30
01/08/2023,949,2,73,5,6,24,26,35,79,45,107,41,30,9,87,59,31,50,193,25,24
01/09/2023,1001,2,75,5,7,32,26,36,101,44,128,43,33,8,91,55,32,57,180,27,20
01/10/2023,964,2,69,6,5,47,20,21,95,38,117,39,41,8,94,60,32,61,173,13,24
01/11/2023,915,2,58,4,6,27,28,28,85,39,99,43,31,16,91,63,34,54,172,18,19
01/12/2023,831,2,60,4,6,31,21,24,70,26,85,35,31,13,96,54,29,57,160,15,11
01/01/2024,854,2,70,5,7,40,18,28,56,28,89,48,34,11,86,67,31,50,155,11,17
01/02/2024,892,2,63,6,7,28,28,26,57,32,101,41,35,18,89,72,32,60,164,14,19
01/03/2024,918,2,58,5,6,41,20,30,57,35,113,43,42,17,92,60,33,63,168,20,16
01/04/2024,898,2,66,5,6,42,19,27,59,29,113,39,34,13,91,66,30,57,155,23,22
01/05/2024,895,2,67,4,8,36,24,25,57,32,92,43,32,15,94,67,33,66,159,20,17
01/06/2024,877,2,66,4,7,33,20,31,62,39,106,44,35,14,76,52,32,62,159,17,17
01/07/2024,867,2,62,5,6,47,20,27,65,34,103,41,29,13,92,62,29,54,145,16,16
01/08/2024,836,1,61,4,6,40,22,26,62,30,93,37,33,12,86,60,28,49,152,17,16
01/09/2024,839,1,57,4,7,31,16,29,70,39,97,38,36,11,79,56,28,54,149,22,16
01/10/2024,848,2,58,5,6,41,17,26,72,47,97,35,35,16,86,62,29,45,139,13,17
01/11/2024,770,2,52,4,6,28,11,20,62,43,79,37,29,15,75,54,30,54,143,14,12
01/12/2024,738,1,51,3,5,32,14,24,55,30,68,31,38,12,85,46,28,48,133,18,14
01/01/2025,756,1,60,4,6,55,13,20,48,35,69,32,34,14,82,48,26,41,139,18,10
01/02/2025,778,1,51,4,7,32,15,30,47,28,77,42,35,13,78,58,30,60,135,20,16
01/03/2025,778,1,46,4,8,40,23,32,57,27,89,35,37,15,82,49,28,45,129,22,10
01/04/2025,770,1,53,5,7,31,15,28,50,35,90,38,35,12,78,51,30,41,142,17,11
01/05/2025,716,1,46,4,8,33,12,27,47,27,75,35,32,14,64,49,28,55,132,14,14
01/06/2025,751,1,54,4,9,26,16,32,49,31,89,35,30,13,75,51,30,40,134,18,14
,,,,,,,,,,,,,,,,,,,,,Source: ONS Vacancy Survey
,,,,,,,,,,,,,,,,,,,,,Labour market statistics enquiries: labour.market@ons.gov.uk
